Name,Image URL,Best Time to Visit
 Panhala Fort,https://www.holidify.com/images/cmsuploads/compressed/attr_1125_20191224160810.jpg,9am to 12pm
 Dajipur Wildlife Sanctuary,https://www.holidify.com/images/cmsuploads/compressed/795254513_7530cc5564_b_20190116145809.jpg,6am to 12pm
 Gaganbawada,https://www.holidify.com/images/cmsuploads/compressed/6403866669_dca8de29da_b_20190116145847.jpg,9am to 12pm
 Shopping in Kolhapur,https://www.holidify.com/images/cmsuploads/compressed/shutterstock_543001786_20200128130752_20200128130816.jpg,
 Narsinhwadi Datta Mandir,https://www.holidify.com/images/cmsuploads/compressed/12795535_1255926921088492_1303388373745523993_n_20190401095551_20190401095648.jpg,9am to 11am
" Mahalaxmi Temple, Kolhapur",https://www.holidify.com/images/cmsuploads/compressed/800px-Mahalaxmi_Temple_Kolhapur_20200121170459.jpg,7am to 10am
 Binkhambi Ganesh Temple,https://www.holidify.com/images/compressed/6210.jpg,9am to 11am
 Rankala Lake,https://www.holidify.com/images/cmsuploads/compressed/rankala-slider-4_20171125220751.jpg,4pm to 6pm
 Jyotiba Temple,https://www.holidify.com/images/cmsuploads/compressed/Kolhapur-360053_1_20180112172814.jpg,8am to 10am
 DYP City Mall,https://www.holidify.com/images/cmsuploads/compressed/DYP_City_Mall%252C_Kolhapur_20190116145813.jpg,
 Bhavani Mandap,https://www.holidify.com/images/cmsuploads/compressed/Kolhapur_Mahadwar_20190116145815.JPG,9am to 11am
 Binkhambi Ganesh Mandir,https://www.holidify.com/images/cmsuploads/compressed/binkhambi-ganesh-temple_20190415152342.jpg,9am to 11am
 Radhanagari Dam,https://www.holidify.com/images/cmsuploads/compressed/img-20170826-wa0035_20190415155806.jpg,9am to 11am
 Teen Darwaza,https://www.holidify.com/images/cmsuploads/compressed/2065381565_231a4f6eb3_b_20190116145826.jpg,9am to 11am
 Botanical Gardens in Kolhapur,https://www.holidify.com/images/cmsuploads/compressed/2065401279_84112db1cc_b_20190415191841.jpg,9am to 11am
 Khasbag Maidan,https://www.holidify.com/images/cmsuploads/compressed/Kolhapur-MAidan_20190712101623.jpg,
 Shalini Palace,https://www.holidify.com/images/cmsuploads/compressed/n-shalini-palace_20190408112139_20190408112205.jpg,10am to 12pm
